{
  "$schema": "https://raw.githubusercontent.com/grafana/grafana/master/docs/sources/developers/plugins/plugin.schema.json",
  "type": "panel",
  "name": "Month Picker Ii",
  "id": "ericaroue-monthpickerii-panel",
  "info": {
    "keywords": ["panel"],
    "description": "Month picker",
    "author": {
      "name": "Ericaroue"
    },
    "logos": {
      "small": "img/logo.svg",
      "large": "img/logo.svg"
    },
    "links": [],
    "screenshots": [],
    "version": "1.0.0",
    "updated": "2023-05-20"
  },
  "dependencies": {
    "grafanaDependency": ">=9.3.8",
    "plugins": []
  }
}
